<?xml version="1.0" encoding="UTF-8"?>
<comment version="3.0">
  <caption>(invalid value)</caption>
  <note>User account avatar icon vector, filled flat sign, solid pictogram isolated on white. Admin profile symbol, logo illustration.</note>
  <place/>
  <categories>
    <category value="user"/>
    <category value="account"/>
    <category value="avatar"/>
    <category value="admin"/>
    <category value="profile"/>
    <category value="icon"/>
    <category value="vector"/>
    <category value="solid"/>
    <category value="pictogram"/>
    <category value="web"/>
    <category value="flat"/>
    <category value="symbol"/>
    <category value="illustration"/>
    <category value="sign"/>
    <category value="filled"/>
    <category value="single"/>
    <category value="design"/>
    <category value="logo"/>
    <category value="glyph"/>
    <category value="graphics"/>
    <category value="pixel"/>
    <category value="perfect"/>
    <category value="simple"/>
    <category value="person"/>
    <category value="office"/>
    <category value="ui"/>
    <category value="manager"/>
    <category value="member"/>
    <category value="man"/>
    <category value="computer"/>
    <category value="button"/>
    <category value="business"/>
    <category value="internet"/>
    <category value="human"/>
    <category value="account"/>
    <category value="user"/>
    <category value="account"/>
    <category value="avatar"/>
    <category value="admin"/>
    <category value="profile"/>
    <category value="icon"/>
    <category value="vector"/>
    <category value="solid"/>
    <category value="pictogram"/>
    <category value="web"/>
    <category value="flat"/>
    <category value="symbol"/>
    <category value="illustration"/>
    <category value="sign"/>
    <category value="filled"/>
    <category value="single"/>
    <category value="design"/>
    <category value="logo"/>
    <category value="glyph"/>
    <category value="graphics"/>
    <category value="pixel"/>
    <category value="perfect"/>
    <category value="simple"/>
    <category value="person"/>
    <category value="office"/>
    <category value="ui"/>
    <category value="manager"/>
    <category value="member"/>
    <category value="man"/>
    <category value="computer"/>
    <category value="button"/>
    <category value="business"/>
    <category value="internet"/>
    <category value="human"/>
  </categories>
</comment>
